{"name":"73392f29-8cb0-4546-b546-ba89dc8b44c7","id":"/providers/Microsoft.Flow/flows/73392f29-8cb0-4546-b546-ba89dc8b44c7","type":"Microsoft.Flow/flows","properties":{"apiId":"/providers/Microsoft.PowerApps/apis/shared_logicflows","displayName":"Daily Task Remainder","definition":{"metadata":{"workflowEntityId":null,"processAdvisorMetadata":null,"flowChargedByPaygo":null,"flowclientsuspensionreason":"None","flowclientsuspensiontime":null,"flowclientsuspensionreasondetails":null,"creator":{"id":"1802d4ca-40cb-4f69-aa8e-ac123802de83","type":"User","tenantId":"7359f896-71e2-4dae-b8a3-15cdf97f2f10"},"provisioningMethod":"FromDefinition","failureAlertSubscription":true,"clientLastModifiedTime":"2025-06-11T14:03:32.3809003Z","connectionKeySavedTimeKey":"2025-09-06T10:50:01.5861613Z","creationSource":"Portal","modifiedSources":"Portal"},"$schema":"https://schema.management.azure.com/providers/Microsoft.Logic/schemas/2016-06-01/workflowdefinition.json#","contentVersion":"undefined","parameters":{"$authentication":{"defaultValue":{},"type":"SecureObject"},"$connections":{"defaultValue":{},"type":"Object"}},"triggers":{"Recurrence":{"recurrence":{"interval":1,"frequency":"Day","timeZone":"India Standard Time","schedule":{"hours":["18"],"minutes":[0]}},"type":"Recurrence"}},"actions":{"Get_items":{"runAfter":{},"type":"OpenApiConnection","inputs":{"parameters":{"dataset":"https://adityagroup.sharepoint.com/sites/AutomatedTaskManager","table":"59ad5011-02f8-421d-bb16-8e2d1993452d","$filter":"Status ne 'Completed'"},"host":{"apiId":"/providers/Microsoft.PowerApps/apis/shared_sharepointonline","connectionName":"shared_sharepointonline","operationId":"GetItems"},"authentication":"@parameters('$authentication')"}},"For_each":{"foreach":"@outputs('Get_items')?['body/value']","actions":{"Condition":{"actions":{"Send_an_email_(V2)":{"type":"OpenApiConnection","inputs":{"parameters":{"emailMessage/To":"@items('For_each')?['Assignee/Email']","emailMessage/Subject":"Regarding Project","emailMessage/Body":"<p class=\"editor-paragraph\">Hi ,<br>This is Remainder your project is not done.<br>I am writing to inform you that your task is not completed on @{items('For_each')?['DueDate']}.<br>Task_tracker_team,<br>Thankyou.</p>","emailMessage/Importance":"Normal"},"host":{"apiId":"/providers/Microsoft.PowerApps/apis/shared_office365","connectionName":"shared_office365","operationId":"SendEmailV2"},"authentication":"@parameters('$authentication')"}}},"else":{"actions":{"Send_an_email_(V2)_1":{"type":"OpenApiConnection","inputs":{"parameters":{"emailMessage/To":"@items('For_each')?['Assignee/Email']","emailMessage/Subject":"Regarding Project","emailMessage/Body":"<p class=\"editor-paragraph\">Hi ,<br>This is Remainder your project is done.<br>I am writing to inform you that your task is completed on @{items('For_each')?['DueDate']}.<br>Task_tracker_team,<br>Thankyou.</p>","emailMessage/Importance":"Normal"},"host":{"apiId":"/providers/Microsoft.PowerApps/apis/shared_office365","connectionName":"shared_office365","operationId":"SendEmailV2"},"authentication":"@parameters('$authentication')"}}}},"expression":{"and":[{"not":{"equals":["@items('For_each')?['Status/Value']","Complete"]}}]},"type":"If"}},"runAfter":{"Get_items":["Succeeded"]},"type":"Foreach"}},"description":""},"connectionReferences":{"shared_sharepointonline":{"connectionName":"shared-sharepointonl-40242931-0dee-421e-abe2-a1fcffaaf093","source":"Embedded","id":"/providers/Microsoft.PowerApps/apis/shared_sharepointonline","tier":"NotSpecified","apiName":"sharepointonline","isProcessSimpleApiReferenceConversionAlreadyDone":false},"shared_office365":{"connectionName":"shared-office365-a6854cd3-9e87-48fd-9e95-479a4db73d18","source":"Embedded","id":"/providers/Microsoft.PowerApps/apis/shared_office365","tier":"NotSpecified","apiName":"office365","isProcessSimpleApiReferenceConversionAlreadyDone":false}},"flowFailureAlertSubscribed":false,"isManaged":false}}