{"name":"e71a14be-5bf8-4aec-85cd-2be84378c13e","id":"/providers/Microsoft.Flow/flows/e71a14be-5bf8-4aec-85cd-2be84378c13e","type":"Microsoft.Flow/flows","properties":{"apiId":"/providers/Microsoft.PowerApps/apis/shared_logicflows","displayName":"stock_info_101","definition":{"metadata":{"workflowEntityId":null,"processAdvisorMetadata":null,"flowChargedByPaygo":null,"flowclientsuspensionreason":"None","flowclientsuspensiontime":null,"flowclientsuspensionreasondetails":null,"creator":{"id":"dea1c172-eaf2-4914-aacd-61d6b2435bd6","type":"User","tenantId":"7359f896-71e2-4dae-b8a3-15cdf97f2f10"},"provisioningMethod":"FromDefinition","failureAlertSubscription":true,"clientLastModifiedTime":"2025-07-28T05:29:44.994268Z","connectionKeySavedTimeKey":"2025-09-08T18:35:01.0958321Z","creationSource":"Portal","modifiedSources":"Portal"},"$schema":"https://schema.management.azure.com/providers/Microsoft.Logic/schemas/2016-06-01/workflowdefinition.json#","contentVersion":"undefined","parameters":{"$authentication":{"defaultValue":{},"type":"SecureObject"},"$connections":{"defaultValue":{},"type":"Object"}},"triggers":{"Recurrence":{"recurrence":{"frequency":"Hour","interval":"1","startTime":"2025-07-28T04:30:00.000Z"},"type":"Recurrence"}},"actions":{"Get_items":{"runAfter":{},"type":"OpenApiConnection","inputs":{"parameters":{"dataset":"https://adityagroup.sharepoint.com/sites/Stock_Info","table":"474d5136-23c8-46f6-9c07-79437c4bee92"},"host":{"apiId":"/providers/Microsoft.PowerApps/apis/shared_sharepointonline","connectionName":"shared_sharepointonline","operationId":"GetItems"},"authentication":"@parameters('$authentication')"}},"Apply_to_each":{"foreach":"@outputs('Get_items')?['body/value']","actions":{"HTTP":{"type":"Http","inputs":{"uri":"https://www.alphavantage.co/query?function=GLOBAL_QUOTE&symbol=@{items('Apply_to_each')?['Title']}&apikey=2RS3CT2TT9KBCPZG","method":"GET"},"runtimeConfiguration":{"contentTransfer":{"transferMode":"Chunked"}}},"Parse_JSON":{"runAfter":{"HTTP":["Succeeded"]},"type":"ParseJson","inputs":{"content":"@body('HTTP')","schema":{"type":"object","properties":{"Global Quote":{"type":"object","properties":{"01. symbol":{"type":"string"},"02. open":{"type":"string"},"03. high":{"type":"string"},"04. low":{"type":"string"},"05. price":{"type":"string"},"06. volume":{"type":"string"},"07. latest trading day":{"type":"string"},"08. previous close":{"type":"string"},"09. change":{"type":"string"},"10. change percent":{"type":"string"}}}}}}},"Create_item":{"runAfter":{"Parse_JSON":["Succeeded"]},"type":"OpenApiConnection","inputs":{"parameters":{"dataset":"https://adityagroup.sharepoint.com/sites/Stock_Info","table":"62f58243-83e4-48fd-b711-5cc026895765","item/Title":"@body('Parse_JSON')?['Global Quote']?['01. symbol']","item/Price":"@body('Parse_JSON')?['Global Quote']?['05. price']","item/PreviousClose":"@body('Parse_JSON')?['Global Quote']?['08. previous close']","item/ChangeAmount":"@body('Parse_JSON')?['Global Quote']?['09. change']","item/ChangePercent":"@body('Parse_JSON')?['Global Quote']?['10. change percent']","item/LastTradingPrice":"@body('Parse_JSON')?['Global Quote']?['07. latest trading day']","item/LoadTimestamp":"@utcNow()"},"host":{"apiId":"/providers/Microsoft.PowerApps/apis/shared_sharepointonline","connectionName":"shared_sharepointonline","operationId":"PostItem"},"authentication":"@parameters('$authentication')"}}},"runAfter":{"Get_items":["Succeeded"]},"type":"Foreach"}},"description":""},"connectionReferences":{"shared_sharepointonline":{"connectionName":"1b836506ad234c7293ddbcb2dd0c9898","source":"Embedded","id":"/providers/Microsoft.PowerApps/apis/shared_sharepointonline","tier":"NotSpecified","apiName":"sharepointonline","isProcessSimpleApiReferenceConversionAlreadyDone":false}},"flowFailureAlertSubscribed":false,"isManaged":false}}